<?xml version='1.0' encoding='UTF-8' ?>
<timeLogEntries>
  <time id="1" path="/Proyecto/TallerGMaps/Planning" start="@1565038310467" delta="110" />
  <time id="2" path="/Project2/FERNANDEZ_DANIEL/Planning" start="@1567790684977" delta="28" comment="Analyzing the problem" />
  <time id="3" path="/Project2/FERNANDEZ_DANIEL/Planning" start="@1567811585614" delta="72" comment="Redacting the needs and symptoms" />
  <time id="4" path="/Project2/FERNANDEZ_DANIEL/Planning" start="@1567822992520" delta="36" comment="Redacting the functional requirements" />
  <time id="5" path="/Project2/FERNANDEZ_DANIEL/Planning" start="@1567826677828" delta="97" comment="Gathering needed information and starting to write about crative solutions" />
  <time id="6" path="/Project2/FERNANDEZ_DANIEL/Planning" start="@1567860634489" delta="73" comment="Ideas proposed" />
  <time id="7" path="/Project2/FERNANDEZ_DANIEL/Planning" start="@1567904977045" delta="186" comment="Ideas have been explained in detail and have been subjected to evaluation" />
  <time id="8" path="/Project2/FERNANDEZ_DANIEL/Design" start="@1567951518000" delta="179" interrupt="4" comment="Thinking about how generics will be used" />
  <time id="9" path="/Project2/FERNANDEZ_DANIEL/Design" start="@1567973890508" delta="153" comment="ADT Stack almost ready" />
  <time id="10" path="/Project2/FERNANDEZ_DANIEL/Design" start="@1568135996776" delta="90" comment="Started to design the ADT Hash table" />
  <time id="11" path="/Project2/FERNANDEZ_DANIEL/Design" start="@1568211752426" delta="90" comment="ADTs almost done" />
  <time id="12" path="/Project2/FERNANDEZ_DANIEL/Design" start="@1568225650474" delta="39" comment="ADTs done" />
  <time id="13" path="/Project2/FERNANDEZ_DANIEL/Design" start="@1568393494207" delta="64" comment="Started to design class diagram" />
  <time id="14" path="/Project2/FERNANDEZ_DANIEL/Design" start="@1568420538376" delta="284" comment="Advancing in the design of class diagram" />
  <time id="15" path="/Project2/FERNANDEZ_DANIEL/Code" start="@1568484296369" delta="2" comment="Bugs lead to more bugs" />
  <time id="16" path="/Project2/FERNANDEZ_DANIEL/Code" start="@1568462798000" delta="300" comment="Starting to fix bugs in data structures" />
  <time id="17" path="/Project2/FERNANDEZ_DANIEL/Code" start="@1568484545110" delta="6" comment="Busg finally fixed" />
  <time id="18" path="/Project2/FERNANDEZ_DANIEL/Code" start="@1568489281889" delta="243" comment="More bugs found :'c" />
  <time id="19" path="/Project2/FERNANDEZ_DANIEL/Code" start="@1568509483222" delta="240" comment="Some tests implemented and in green" />
  <time id="20" path="/Project2/FERNANDEZ_DANIEL/Code" start="@1568523895482" delta="63" comment="All tests implemented and in green" />
</timeLogEntries>
